p,structure,time
100,random,527.3267977
100,bdgraph_sf,683.7719703
100,huge_sf,683.3648759
100,hubs,685.0804352
200,random,3300.0036749
200,bdgraph_sf,4276.8348972
200,huge_sf,3260.3757413
200,hubs,4302.7837009
